{
  "Logistic Regression": {
    "file": "models\\logistic_regression.pkl",
    "accuracy": 0.7097957045573599,
    "precision": 0.4137648504711184,
    "recall": 0.8138597904915391,
    "f1": 0.5486148832156437,
    "roc_auc": 0.8304049522141227,
    "weighted_score": 0.6694452255520259
  },
  "Decision Tree": {
    "file": "models\\decision_tree.pkl",
    "accuracy": 0.889296315697573,
    "precision": 0.730098559514784,
    "recall": 0.7759871071716358,
    "f1": 0.75234375,
    "roc_auc": 0.8992660665485207,
    "weighted_score": 0.8365092395887335
  },
  "Random Forest": {
    "file": "models\\random_forest.pkl",
    "accuracy": 0.892788545486293,
    "precision": 0.7351837959489872,
    "recall": 0.7896857373086221,
    "f1": 0.7614607614607615,
    "roc_auc": 0.9270489836227885,
    "weighted_score": 0.8471095195033796
  }
}