{
  "Logistic Regression": {
    "file": "models\\logistic_regression.pkl",
    "accuracy": 0.838163407821229,
    "precision": 0.7249283667621776,
    "recall": 0.40773569701853346,
    "f1": 0.5219185146982981,
    "roc_auc": 0.8290717907063238,
    "weighted_score": 0.7098471271490756
  },
  "Decision Tree": {
    "file": "models\\decision_tree.pkl",
    "accuracy": 0.9210893854748603,
    "precision": 0.9228295819935691,
    "recall": 0.693795326349718,
    "f1": 0.7920883164673413,
    "roc_auc": 0.9006890170852603,
    "weighted_score": 0.8654088841939328
  },
  "Random Forest": {
    "file": "models\\random_forest.pkl",
    "accuracy": 0.9275488826815642,
    "precision": 0.9650900900900901,
    "recall": 0.6905721192586624,
    "f1": 0.805072804133396,
    "roc_auc": 0.9280338382868801,
    "weighted_score": 0.8786554423833601
  }
}