{
  "Logistic Regression": {
    "file": "models\\logistic_regression.pkl",
    "accuracy": 0.7097957045573599,
    "precision": 0.4137648504711184,
    "recall": 0.8138597904915391,
    "f1": 0.5486148832156437,
    "roc_auc": 0.8304049522141227,
    "weighted_score": 0.6694452255520259
  },
  "Decision Tree": {
    "file": "models\\decision_tree.pkl",
    "accuracy": 0.891391653570805,
    "precision": 0.7450514647664291,
    "recall": 0.75825946817083,
    "f1": 0.7515974440894568,
    "roc_auc": 0.8979000116038329,
    "weighted_score": 0.8367756413848713
  },
  "Random Forest": {
    "file": "models\\random_forest.pkl",
    "accuracy": 0.892788545486293,
    "precision": 0.7351837959489872,
    "recall": 0.7896857373086221,
    "f1": 0.7614607614607615,
    "roc_auc": 0.9270489836227885,
    "weighted_score": 0.8471095195033796
  },
  "SVM": {
    "file": "models\\svm.pkl",
    "accuracy": 0.6546184738955824,
    "precision": 0.35520628683693517,
    "recall": 0.7284448025785657,
    "f1": 0.4775488642366614,
    "roc_auc": 0.766584499793969,
    "weighted_score": 0.6061838352116913
  },
  "Naive Bayes": {
    "file": "models\\naive_bayes.pkl",
    "accuracy": 0.5254059717129387,
    "precision": 0.3005671077504726,
    "recall": 0.8968573730862208,
    "f1": 0.45024271844660196,
    "roc_auc": 0.7873491636438623,
    "weighted_score": 0.5477293087925887
  }
}